Workbook

Sheet Raw Data
A1: Date | B1: Channel | C1: Visitors | D1: Leads | E1: MQLs | F1: SQLs | G1: Customers | H1: Lead Conv % | I1: MQL Conv % | J1: SQL Conv % | K1: Cust Conv %
A2: 2026-01-01 | B2: Google Ads | C2: 221 | D2: 14 | E2: 3 | F2: 1 | G2: 0 | H2: =IFERROR(D2/C2,0) | I2: =IFERROR(E2/D2,0) | J2: =IFERROR(F2/E2,0) | K2: =IFERROR(G2/C2,0)
A3: 2026-01-01 | B3: Facebook Ads | C3: 113 | D3: 4 | E3: 0 | F3: 0 | G3: 0 | H3: =IFERROR(D3/C3,0) | I3: =IFERROR(E3/D3,0) | J3: =IFERROR(F3/E3,0) | K3: =IFERROR(G3/C3,0)
A4: 2026-01-01 | B4: Organic SEO | C4: 183 | D4: 13 | E4: 3 | F4: 1 | G4: 0 | H4: =IFERROR(D4/C4,0) | I4: =IFERROR(E4/D4,0) | J4: =IFERROR(F4/E4,0) | K4: =IFERROR(G4/C4,0)
A5: 2026-01-01 | B5: Email | C5: 131 | D5: 17 | E5: 4 | F5: 1 | G5: 1 | H5: =IFERROR(D5/C5,0) | I5: =IFERROR(E5/D5,0) | J5: =IFERROR(F5/E5,0) | K5: =IFERROR(G5/C5,0)
A6: 2026-01-01 | B6: Referral | C6: 10 | D6: 1 | E6: 0 | F6: 0 | G6: 0 | H6: =IFERROR(D6/C6,0) | I6: =IFERROR(E6/D6,0) | J6: =IFERROR(F6/E6,0) | K6: =IFERROR(G6/C6,0)
A7: 2026-01-01 | B7: Direct | C7: 37 | D7: 3 | E7: 0 | F7: 0 | G7: 0 | H7: =IFERROR(D7/C7,0) | I7: =IFERROR(E7/D7,0) | J7: =IFERROR(F7/E7,0) | K7: =IFERROR(G7/C7,0)
A8: 2026-01-02 | B8: Google Ads | C8: 184 | D8: 15 | E8: 4 | F8: 1 | G8: 1 | H8: =IFERROR(D8/C8,0) | I8: =IFERROR(E8/D8,0) | J8: =IFERROR(F8/E8,0) | K8: =IFERROR(G8/C8,0)
A9: 2026-01-02 | B9: Facebook Ads | C9: 148 | D9: 3 | E9: 0 | F9: 0 | G9: 0 | H9: =IFERROR(D9/C9,0) | I9: =IFERROR(E9/D9,0) | J9: =IFERROR(F9/E9,0) | K9: =IFERROR(G9/C9,0)
A10: 2026-01-02 | B10: Organic SEO | C10: 226 | D10: 21 | E10: 4 | F10: 1 | G10: 1 | H10: =IFERROR(D10/C10,0) | I10: =IFERROR(E10/D10,0) | J10: =IFERROR(F10/E10,0) | K10: =IFERROR(G10/C10,0)
A11: 2026-01-02 | B11: Email | C11: 77 | D11: 11 | E11: 3 | F11: 1 | G11: 1 | H11: =IFERROR(D11/C11,0) | I11: =IFERROR(E11/D11,0) | J11: =IFERROR(F11/E11,0) | K11: =IFERROR(G11/C11,0)
A12: 2026-01-02 | B12: Referral | C12: 48 | D12: 7 | E12: 1 | F12: 0 | G12: 0 | H12: =IFERROR(D12/C12,0) | I12: =IFERROR(E12/D12,0) | J12: =IFERROR(F12/E12,0) | K12: =IFERROR(G12/C12,0)
A13: 2026-01-02 | B13: Direct | C13: 44 | D13: 3 | E13: 0 | F13: 0 | G13: 0 | H13: =IFERROR(D13/C13,0) | I13: =IFERROR(E13/D13,0) | J13: =IFERROR(F13/E13,0) | K13: =IFERROR(G13/C13,0)
... A655: 2026-04-19 | B655: Direct | C655: 65 | D655: 5 | E655: 1 | F655: 0 | G655: 0 | H655: =IFERROR(D655/C655,0) | I655: =IFERROR(E655/D655,0) | J655: =IFERROR(F655/E655,0) | K655: =IFERROR(G655/C655,0)

Sheet Funnel Summary
A1: Marketing Funnel — Full Stage Summary
A2: 30-Day Analysis | All Channels Combined | Jan–Apr 2026
A4: Total Visitors | C4: Total Leads | E4: Total MQLs | G4: Total SQLs | I4: Total Customers
A5: =SUM('Raw Data'!C2:C655) | C5: =SUM('Raw Data'!D2:D655) | E5: =SUM('Raw Data'!E2:E655) | G5: =SUM('Raw Data'!F2:F655) | I5: =SUM('Raw Data'!G2:G655)
A8: Funnel Stage | B8: Volume | C8: Stage Conv % | D8: Overall Conv % | E8: Drop-off % | F8: Status
A9: Visitors | B9: =SUM('Raw Data'!C2:C655) | C9: — | D9: =B9/B9 | E9: =1-D9 | F9: Entry Point
A10: Leads | B10: =SUM('Raw Data'!D2:D655) | C10: =B10/B9 | D10: =B10/B9 | E10: =1-C10 | F10: Top of Funnel
A11: MQLs | B11: =SUM('Raw Data'!E2:E655) | C11: =B11/B10 | D11: =B11/B9 | E11: =1-C11 | F11: Marketing Qualified
A12: SQLs | B12: =SUM('Raw Data'!F2:F655) | C12: =B12/B11 | D12: =B12/B9 | E12: =1-C12 | F12: Sales Qualified
A13: Customers | B13: =SUM('Raw Data'!G2:G655) | C13: =B13/B12 | D13: =B13/B9 | E13: =1-C13 | F13: Revenue Won
A15: Key Insights & Recommendations
A16: HIGH | B16: Visitor → Lead gap is the #1 drop-off — add lead magnets and A/B test CTAs on high-traffic pages
A17: HIGH | B17: MQL → SQL leakage (~60%) — audit lead scoring model with sales to remove low-intent signals
A18: MED | B18: Social Paid (Facebook) converts at 2–3x lower rate — shift budget to Email and Referral
A19: MED | B19: Opportunity-to-close loss (~67%) — add 24hr follow-up sequence and time-limited proposals
A20: WIN | B20: Referral channel converts at 14%+ — build a structured referral program to scale volume
A21: WIN | B21: Email is highest quality channel (93/100 score) — expand nurture sequences and gated content

Sheet Channel Analysis
A1: Channel Performance Analysis
A2: Lead volume, conversion rates, and quality scores by acquisition channel
A4: Channel | B4: Visitors | C4: Leads | D4: MQLs | E4: SQLs | F4: Customers | G4: Lead Conv % | H4: Cust Conv % | I4: Quality Score | J4: Priority
A5: Google Ads | B5: =SUMIF('Raw Data'!B2:B655,A5,'Raw Data'!C2:C655) | C5: =SUMIF('Raw Data'!B2:B655,A5,'Raw Data'!D2:D655) | D5: =SUMIF('Raw Data'!B2:B655,A5,'Raw Data'!E2:E655) | E5: =SUMIF('Raw Data'!B2:B655,A5,'Raw Data'!F2:F655) | F5: =SUMIF('Raw Data'!B2:B655,A5,'Raw Data'!G2:G655) | G5: =IFERROR(C5/B5,0) | H5: =IFERROR(F5/B5,0) | I5: 71 | J5: Medium
A6: Facebook Ads | B6: =SUMIF('Raw Data'!B2:B655,A6,'Raw Data'!C2:C655) | C6: =SUMIF('Raw Data'!B2:B655,A6,'Raw Data'!D2:D655) | D6: =SUMIF('Raw Data'!B2:B655,A6,'Raw Data'!E2:E655) | E6: =SUMIF('Raw Data'!B2:B655,A6,'Raw Data'!F2:F655) | F6: =SUMIF('Raw Data'!B2:B655,A6,'Raw Data'!G2:G655) | G6: =IFERROR(C6/B6,0) | H6: =IFERROR(F6/B6,0) | I6: 44 | J6: Low
A7: Organic SEO | B7: =SUMIF('Raw Data'!B2:B655,A7,'Raw Data'!C2:C655) | C7: =SUMIF('Raw Data'!B2:B655,A7,'Raw Data'!D2:D655) | D7: =SUMIF('Raw Data'!B2:B655,A7,'Raw Data'!E2:E655) | E7: =SUMIF('Raw Data'!B2:B655,A7,'Raw Data'!F2:F655) | F7: =SUMIF('Raw Data'!B2:B655,A7,'Raw Data'!G2:G655) | G7: =IFERROR(C7/B7,0) | H7: =IFERROR(F7/B7,0) | I7: 87 | J7: High
A8: Email | B8: =SUMIF('Raw Data'!B2:B655,A8,'Raw Data'!C2:C655) | C8: =SUMIF('Raw Data'!B2:B655,A8,'Raw Data'!D2:D655) | D8: =SUMIF('Raw Data'!B2:B655,A8,'Raw Data'!E2:E655) | E8: =SUMIF('Raw Data'!B2:B655,A8,'Raw Data'!F2:F655) | F8: =SUMIF('Raw Data'!B2:B655,A8,'Raw Data'!G2:G655) | G8: =IFERROR(C8/B8,0) | H8: =IFERROR(F8/B8,0) | I8: 93 | J8: High
A9: Referral | B9: =SUMIF('Raw Data'!B2:B655,A9,'Raw Data'!C2:C655) | C9: =SUMIF('Raw Data'!B2:B655,A9,'Raw Data'!D2:D655) | D9: =SUMIF('Raw Data'!B2:B655,A9,'Raw Data'!E2:E655) | E9: =SUMIF('Raw Data'!B2:B655,A9,'Raw Data'!F2:F655) | F9: =SUMIF('Raw Data'!B2:B655,A9,'Raw Data'!G2:G655) | G9: =IFERROR(C9/B9,0) | H9: =IFERROR(F9/B9,0) | I9: 96 | J9: High
A10: Direct | B10: =SUMIF('Raw Data'!B2:B655,A10,'Raw Data'!C2:C655) | C10: =SUMIF('Raw Data'!B2:B655,A10,'Raw Data'!D2:D655) | D10: =SUMIF('Raw Data'!B2:B655,A10,'Raw Data'!E2:E655) | E10: =SUMIF('Raw Data'!B2:B655,A10,'Raw Data'!F2:F655) | F10: =SUMIF('Raw Data'!B2:B655,A10,'Raw Data'!G2:G655) | G10: =IFERROR(C10/B10,0) | H10: =IFERROR(F10/B10,0) | I10: 78 | J10: Medium
A11: TOTAL | B11: =SUM(B5:B10) | C11: =SUM(C5:C10) | D11: =SUM(D5:D10) | E11: =SUM(E5:E10) | F11: =SUM(F5:F10) | G11: =IFERROR(C11/B11,0) | H11: =IFERROR(F11/B11,0)

Sheet Monthly Trends
A1: Monthly Conversion Trend Analysis
A2: Traffic → Lead and Lead → Customer conversion rates by month
A4: Month | B4: Visitors | C4: Leads | D4: MQLs | E4: SQLs | F4: Customers | G4: Traffic→Lead % | H4: Lead→Cust % | I4: Overall Conv % | J4: MoM Change
A5: Jan 2026 | B5: =SUMPRODUCT(('Raw Data'!A2:A655>="2026-01-01")*('Raw Data'!A2:A655<="2026-01-31")*('Raw Data'!C2:C655)) | C5: =SUMPRODUCT(('Raw Data'!A2:A655>="2026-01-01")*('Raw Data'!A2:A655<="2026-01-31")*('Raw Data'!D2:D655)) | D5: =SUMPRODUCT(('Raw Data'!A2:A655>="2026-01-01")*('Raw Data'!A2:A655<="2026-01-31")*('Raw Data'!E2:E655)) | E5: =SUMPRODUCT(('Raw Data'!A2:A655>="2026-01-01")*('Raw Data'!A2:A655<="2026-01-31")*('Raw Data'!F2:F655)) | F5: =SUMPRODUCT(('Raw Data'!A2:A655>="2026-01-01")*('Raw Data'!A2:A655<="2026-01-31")*('Raw Data'!G2:G655)) | G5: =IFERROR(C5/B5,0) | H5: =IFERROR(F5/C5,0) | I5: =IFERROR(F5/B5,0) | J5: Baseline
A6: Feb 2026 | B6: =SUMPRODUCT(('Raw Data'!A2:A655>="2026-02-01")*('Raw Data'!A2:A655<="2026-02-31")*('Raw Data'!C2:C655)) | C6: =SUMPRODUCT(('Raw Data'!A2:A655>="2026-02-01")*('Raw Data'!A2:A655<="2026-02-31")*('Raw Data'!D2:D655)) | D6: =SUMPRODUCT(('Raw Data'!A2:A655>="2026-02-01")*('Raw Data'!A2:A655<="2026-02-31")*('Raw Data'!E2:E655)) | E6: =SUMPRODUCT(('Raw Data'!A2:A655>="2026-02-01")*('Raw Data'!A2:A655<="2026-02-31")*('Raw Data'!F2:F655)) | F6: =SUMPRODUCT(('Raw Data'!A2:A655>="2026-02-01")*('Raw Data'!A2:A655<="2026-02-31")*('Raw Data'!G2:G655)) | G6: =IFERROR(C6/B6,0) | H6: =IFERROR(F6/C6,0) | I6: =IFERROR(F6/B6,0) | J6: =IFERROR((C6-C5)/C5,0)
A7: Mar 2026 | B7: =SUMPRODUCT(('Raw Data'!A2:A655>="2026-03-01")*('Raw Data'!A2:A655<="2026-03-31")*('Raw Data'!C2:C655)) | C7: =SUMPRODUCT(('Raw Data'!A2:A655>="2026-03-01")*('Raw Data'!A2:A655<="2026-03-31")*('Raw Data'!D2:D655)) | D7: =SUMPRODUCT(('Raw Data'!A2:A655>="2026-03-01")*('Raw Data'!A2:A655<="2026-03-31")*('Raw Data'!E2:E655)) | E7: =SUMPRODUCT(('Raw Data'!A2:A655>="2026-03-01")*('Raw Data'!A2:A655<="2026-03-31")*('Raw Data'!F2:F655)) | F7: =SUMPRODUCT(('Raw Data'!A2:A655>="2026-03-01")*('Raw Data'!A2:A655<="2026-03-31")*('Raw Data'!G2:G655)) | G7: =IFERROR(C7/B7,0) | H7: =IFERROR(F7/C7,0) | I7: =IFERROR(F7/B7,0) | J7: =IFERROR((C7-C6)/C6,0)
A8: Apr 2026 | B8: =SUMPRODUCT(('Raw Data'!A2:A655>="2026-04-01")*('Raw Data'!A2:A655<="2026-04-31")*('Raw Data'!C2:C655)) | C8: =SUMPRODUCT(('Raw Data'!A2:A655>="2026-04-01")*('Raw Data'!A2:A655<="2026-04-31")*('Raw Data'!D2:D655)) | D8: =SUMPRODUCT(('Raw Data'!A2:A655>="2026-04-01")*('Raw Data'!A2:A655<="2026-04-31")*('Raw Data'!E2:E655)) | E8: =SUMPRODUCT(('Raw Data'!A2:A655>="2026-04-01")*('Raw Data'!A2:A655<="2026-04-31")*('Raw Data'!F2:F655)) | F8: =SUMPRODUCT(('Raw Data'!A2:A655>="2026-04-01")*('Raw Data'!A2:A655<="2026-04-31")*('Raw Data'!G2:G655)) | G8: =IFERROR(C8/B8,0) | H8: =IFERROR(F8/C8,0) | I8: =IFERROR(F8/B8,0) | J8: =IFERROR((C8-C7)/C7,0)
A9: TOTAL / AVG | B9: =SUM(B5:B8) | C9: =SUM(C5:C8) | D9: =SUM(D5:D8) | E9: =SUM(E5:E8) | F9: =SUM(F5:F8) | G9: =IFERROR(C9/B9,0) | H9: =IFERROR(F9/C9,0) | I9: =IFERROR(F9/B9,0)

Sheet Metrics Guide
A1: Marketing Funnel — Metrics Reference Guide
A2: Formulas, benchmarks, and interpretation for all key metrics
A4: METRIC | B4: FORMULA | C4: INDUSTRY BENCHMARK | D4: HOW TO INTERPRET | E4: ACTION IF BELOW
A5: Visitor → Lead % | B5: Leads / Visitors × 100 | C5: 7–10% (B2B SaaS) | D5: Measures landing page & CTA effectiveness | E5: A/B test CTAs, add lead magnets, simplify forms
A6: Lead → MQL % | B6: MQLs / Leads × 100 | C6: 20–30% | D6: Quality of lead capture forms and sources | E6: Tighten lead scoring, improve content targeting
A7: MQL → SQL % | B7: SQLs / MQLs × 100 | C7: 40–60% | D7: Sales-marketing alignment on qualification | E7: Run joint scoring audit, refine ICP definition
A8: SQL → Customer % | B8: Customers / SQLs × 100 | C8: 25–40% | D8: Sales team effectiveness and deal quality | E8: Improve proposals, shorten response time
A9: Overall Funnel % | B9: Customers / Visitors × 100 | C9: 0.5–2% (B2B) | D9: End-to-end efficiency from traffic to revenue | E9: Prioritize biggest single drop-off stage first
A10: Lead Quality Score | B10: Composite: conv rate + deal size + cycle | C10: 80+ = Good | D10: Signals long-term revenue potential of channel | E10: Shift budget from low-score to high-score channels
A11: Drop-off Rate | B11: 1 − Stage Conversion Rate | C11: Lower is better | D11: % of users lost at each transition point | E11: Map to UX friction, targeting mismatch, or offer fit
